height,weight,bmi
1.5,53,23.55555556
1.6,57,22.265625
1.7,68,23.52941176
1.8,73,22.5308642
1.9,85,23.54570637
1.72,64,21.63331531
1.76,75,24.21229339
1.9,52,14.40443213
1.94,80,21.25624402
1.72,82,27.71768524
1.64,63,23.42355741
1.52,100,43.28254848
1.77,69,22.02432251
1.82,81,24.45356841
1.68,53,18.77834467
1.81,69,21.06162816
1.9,61,16.89750693
1.94,92,24.44468062
1.92,97,26.31293403
