height,weight,bmi
1.5,53,23.55555556
1.6,57,22.265625
1.7,68,23.52941176
1.8,73,22.5308642
1.9,85,23.54570637
